{
  "train_mae": 43706.5022626725,
  "val_mae": 45686.36097333426,
  "test_mae": 46135.64121238879,
  "trained_at": "2025-08-21T00:14:02.829279+00:00Z"
}